-0.07430,-0.12356,0.02318,-0.08323,-0.03730,-0.14230,-0.01582,-0.11446,0.11214,0.14839,0.10596,-0.00010,0.04260,0.10844,0.02894,-0.12277,-0.10794,0.13503,0.12737,0.11684,0.01515,-0.09584,0.01502,-0.07231,0.13301,0.09666,-0.10314,0.09909,-0.00973,-0.13174,-0.14327,0.01119,0.09899,0.10360,0.05428,-0.03577,0.02570,0.05892,0.06341,0.06559,0.14709,-0.01507,-0.12062,-0.09252,-0.01579,-0.11190,0.08063,0.02812
0.55996,0.39960,0.34650,0.36794,0.29839,0.36531,0.38230,0.56436,0.57116,0.33955,0.54496,0.48056,0.38331,0.37614,0.32831,0.58227,0.31270,0.55889,0.55133,0.41314,0.49476,0.37692,0.33250,0.43487,0.31745,0.36770,0.46630,0.49068,0.43033,0.37707,0.35082,0.49007,0.55175,0.53607,0.49103,0.53404,0.42293,0.32990,0.31962,0.44588,0.49803,0.57855,0.40966,0.51505,0.41631,0.29545,0.30576,0.56151
0.89048,0.80591,0.61538,0.68576,0.66076,0.71195,0.81750,0.85591,0.62707,0.65956,0.72591,0.66626,0.68661,0.56861,0.76728,0.68171,0.70716,0.64205,0.76806,0.77677,0.73059,0.74942,0.64916,0.67934,0.69006,0.85513,0.63437,0.83598,0.84861,0.76462,0.84346,0.57242,0.64722,0.73659,0.71559,0.85100,0.87821,0.77960,0.80957,0.65995,0.75352,0.77096,0.57983,0.67600,0.70854,0.79472,0.85748,0.60474
0.46285,0.44186,0.54777,0.54210,0.46905,0.43012,0.56935,0.46875,0.35666,0.60770,0.56802,0.57842,0.57394,0.51506,0.63380,0.63224,0.54039,0.58740,0.31825,0.51254,0.53909,0.41990,0.54554,0.36011,0.63043,0.45085,0.44148,0.51884,0.51295,0.30122,0.47371,0.53116,0.36059,0.37407,0.38622,0.42964,0.39705,0.51572,0.48340,0.64002,0.51274,0.53229,0.46226,0.54213,0.42360,0.62883,0.61611,0.46277
-0.11224,0.02064,-0.01887,-0.14020,-0.20373,-0.12715,-0.16786,-0.16533,-0.08145,0.03807,-0.01585,-0.03542,-0.11296,0.01136,-0.10881,-0.12562,0.02302,-0.04449,-0.06565,-0.00181,-0.11350,0.02422,0.02737,0.03551,0.05880,-0.19707,-0.01802,-0.01744,0.00806,-0.30651,-0.07471,-0.17990,0.02105,-0.17387,-0.08080,0.09258,-0.07435,-0.02979,-0.15982,-0.06137,-0.10429,0.07906,-0.15330,-0.19591,0.01743,0.09440,0.02755,-0.26444
-0.47205,-0.33460,-0.31294,-0.30107,-0.29809,-0.54571,-0.36850,-0.27037,-0.38004,-0.40108,-0.30108,-0.31678,-0.34466,-0.43984,-0.32375,-0.48890,-0.42368,-0.39264,-0.47111,-0.52233,-0.44678,-0.52363,-0.31592,-0.37530,-0.48002,-0.41028,-0.44300,-0.23703,-0.20952,-0.40657,-0.44946,-0.53776,-0.53010,-0.30479,-0.49585,-0.43752,-0.36967,-0.45811,-0.35775,-0.47881,-0.47789,-0.28386,-0.34437,-0.54220,-0.30290,-0.51852,-0.47870,-0.44267
-0.06270,-0.25492,-0.38267,-0.43630,-0.17324,-0.38545,-0.24297,-0.36834,-0.26358,-0.49500,-0.26212,-0.27943,-0.42847,-0.26103,-0.21772,-0.41682,-0.27360,-0.44929,-0.28270,-0.26661,-0.46902,-0.34887,-0.10379,-0.26305,-0.28857,-0.16153,-0.20655,-0.41908,-0.38136,-0.10991,-0.29234,-0.22945,-0.37288,-0.30234,-0.25433,-0.33355,-0.29015,-0.19867,-0.23737,-0.27885,-0.17690,-0.20893,-0.41413,-0.35591,-0.21265,-0.35622,-0.47302,-0.32316
-0.00827,-0.00730,-0.08680,-0.02013,-0.10212,-0.05044,-0.23703,-0.18620,-0.14563,-0.12711,-0.18129,-0.15917,-0.26081,-0.26785,-0.01387,-0.13900,-0.13780,-0.13885,0.02556,-0.14733,-0.11703,0.00216,-0.15041,-0.00541,-0.19053,-0.23152,-0.45837,-0.39165,-0.30293,0.14409,-0.07016,-0.05308,0.04842,-0.07129,-0.03077,-0.18976,-0.10986,0.00731,-0.10455,-0.19353,-0.06321,-0.18181,0.01459,-0.13686,-0.21069,-0.06762,-0.03106,0.07499
-0.17655,-0.04615,-0.15549,-0.05149,-0.20432,-0.10886,0.04126,-0.08320,-0.07007,-0.11824,-0.07906,-0.29651,-0.18747,-0.19719,-0.09188,-0.24808,0.02918,-0.09324,-0.14989,-0.04429,-0.17037,-0.27531,-0.10333,0.04398,-0.22523,-0.65708,-0.59044,-0.33169,-0.58088,-0.30697,-0.09552,0.10863,-0.21831,-0.22378,-0.12805,0.03398,-0.10479,-0.17943,-0.00854,-0.15720,-0.32009,-0.21534,0.04989,-0.16237,-0.16403,0.06189,-0.12298,-0.08626
-0.35118,-0.21489,-0.15491,-0.32453,-0.12950,-0.22103,-0.02148,-0.30025,-0.18724,-0.26901,-0.33663,-0.16076,-0.28945,-0.04081,-0.17658,-0.19623,-0.18155,-0.25934,-0.38083,-0.25230,-0.06985,-0.22910,-0.25736,-0.54344,-0.56543,-0.38053,-0.20490,-0.23885,-0.30018,-0.80645,-0.20291,0.01225,-0.12184,-0.16543,-0.23333,-0.15226,-0.36279,-0.19481,-0.10953,-0.15512,-0.26334,-0.26395,-0.12520,-0.22137,-0.11512,-0.02742,-0.24282,-0.36835
-0.08474,0.02978,0.01550,-0.02658,-0.03094,-0.14292,-0.00593,0.02839,0.01648,-0.02535,-0.11854,-0.08332,-0.02491,-0.13297,-0.10498,-0.15678,0.01022,-0.08319,-0.11908,-0.10309,-0.15396,0.03105,-0.03168,-0.55550,-0.02491,0.40683,0.63733,0.52142,0.39250,-0.24517,-0.59188,-0.07008,0.13912,-0.16684,-0.03809,0.03055,-0.03335,-0.09720,-0.06873,-0.09839,0.00868,-0.07499,-0.17255,-0.03525,0.06274,-0.24611,-0.03655,-0.19131
0.17704,0.06363,0.19385,0.31573,0.09708,0.25128,0.07801,0.27567,0.10641,0.02193,0.25191,0.12465,0.14997,0.03561,0.32314,0.07358,0.08858,0.24054,0.25118,0.32987,0.08624,0.37287,-0.23602,0.21917,0.92779,0.92563,0.61439,0.61828,0.71674,0.69973,-0.04049,-0.09740,0.15755,0.25606,0.21812,0.03892,0.18807,0.28756,0.12739,0.28083,0.13194,0.16962,0.15799,0.09616,0.31486,0.23747,0.12057,0.22819
0.24082,0.24885,0.17569,0.17310,0.13137,0.26099,0.10587,0.07034,0.32440,0.07170,0.10708,0.20373,0.18651,0.18612,0.27689,0.06116,0.12560,0.07172,0.15424,0.19168,0.24772,0.06062,-0.06127,0.83246,0.61571,0.11088,0.01761,-0.08469,0.29528,0.70555,0.67000,-0.16362,0.09610,0.32799,0.30046,0.21577,0.17773,0.03615,0.07598,0.24843,0.09412,0.11286,0.08273,0.11829,0.04322,0.14854,0.12643,0.07248
0.21971,-0.03408,-0.09545,0.06043,0.16588,-0.00996,0.05247,0.04877,0.08391,0.02361,0.11332,0.12190,-0.09108,-0.02426,-0.03290,0.01814,-0.07271,-0.03597,-0.01136,-0.07423,0.12266,-0.50006,0.49344,0.57518,-0.33992,-0.34571,-0.38378,-0.50514,-0.54070,-0.00406,0.69566,0.25689,-0.23525,0.19013,-0.11376,-0.01936,-0.02785,-0.08423,0.04356,0.10681,0.12206,-0.03718,0.08653,-0.06748,0.09727,-0.17602,0.06365,0.03185
0.05646,-0.06709,-0.01182,-0.06351,-0.13226,-0.16744,-0.20011,-0.02620,0.09644,-0.06805,0.09230,0.03747,-0.17035,0.01085,-0.15223,0.08303,-0.01728,-0.16732,0.13958,0.10647,-0.19057,-0.11696,0.65253,-0.33869,-0.53603,-0.07998,-0.20517,-0.28120,-0.19685,-0.50968,-0.03673,0.47232,-0.23199,-0.07696,-0.03932,-0.20845,0.08197,-0.19300,-0.00424,-0.03155,0.09627,-0.09529,-0.00164,-0.12722,0.03698,-0.15427,-0.08129,-0.07817
-0.11105,0.21089,0.00919,-0.02588,0.10994,0.21229,0.16357,0.09749,0.11808,0.04181,0.16297,-0.07846,0.24097,0.08342,-0.07710,-0.03510,0.22492,0.23150,-0.04687,0.15149,-0.44956,0.79198,0.22426,-0.16830,-0.03125,0.17431,0.11705,0.14443,0.06612,-0.20106,-0.45520,0.46447,0.28686,-0.29015,0.21097,0.15125,-0.03954,0.09712,0.00853,0.09837,0.12031,0.15883,0.00384,0.12500,-0.08485,0.17645,0.04679,0.15360
-0.06455,-0.01237,0.29740,-0.02505,0.02420,0.03232,0.26353,-0.11473,-0.07452,0.07380,0.04573,0.03807,-0.02891,0.29538,-0.02693,0.15234,0.16975,0.00162,-0.06460,-0.01926,-0.13996,0.77160,-0.50574,0.13271,0.22848,0.14818,0.00395,0.33166,0.27882,0.00440,-0.22966,-0.10704,0.77665,-0.20894,0.10942,-0.02341,0.08159,0.02149,0.22699,0.00524,-0.10189,0.09435,0.05637,0.11837,0.06571,0.06448,0.11297,0.06793
-0.12568,-0.01543,0.06890,-0.11431,0.13531,0.11052,0.10095,0.10042,0.00566,-0.00632,-0.03604,-0.01049,-0.02114,0.00907,-0.10057,-0.03620,-0.10309,-0.07893,0.11249,-0.19506,0.50863,-0.20341,-0.38572,0.17433,0.10780,-0.13261,-0.03042,0.05878,-0.03870,0.06609,0.06164,-0.34443,0.12137,0.33270,-0.24408,-0.14380,-0.12124,-0.04065,-0.08957,-0.01193,-0.02745,0.11564,0.09590,0.11420,-0.13868,0.00430,0.09751,-0.04834
-0.03466,-0.07423,-0.09990,0.09507,0.07713,-0.16271,-0.04297,-0.11565,-0.17741,0.02175,-0.03331,0.02461,-0.12081,-0.07542,-0.03238,-0.04234,-0.03940,-0.10600,-0.02370,-0.34862,0.58736,-0.60726,0.16694,0.09256,0.02422,-0.04198,-0.10691,-0.08092,-0.17771,-0.02054,0.03763,-0.16684,-0.46747,0.64546,-0.50849,-0.01395,0.01207,0.07749,-0.08257,-0.07005,0.09476,-0.22580,-0.20797,0.03511,-0.10892,-0.07064,-0.05025,-0.02853
0.03748,-0.07790,0.00351,-0.13703,-0.10225,-0.08196,-0.04715,0.12891,-0.15161,0.02454,-0.04039,-0.06898,0.08872,0.00133,0.12653,0.10582,-0.17209,0.00439,-0.06544,0.29810,-0.18028,-0.26520,-0.04039,0.08674,-0.12075,-0.08842,0.05842,-0.03695,-0.09305,-0.15708,-0.02533,0.02849,-0.37093,0.38211,-0.24959,-0.01095,0.12882,0.01177,0.07185,0.02880,-0.01751,-0.02904,-0.14986,0.07751,-0.11224,0.11858,0.12452,-0.01895
-0.00188,-0.07859,-0.02777,-0.07560,0.01315,-0.02908,0.14372,0.03677,0.04878,0.07682,0.13961,0.08420,-0.01579,0.04261,0.12367,-0.01072,0.18220,-0.02978,-0.36187,0.70231,-0.31901,0.22406,-0.05793,0.11955,-0.10606,0.04127,-0.09141,-0.06045,0.00495,0.07921,0.12872,0.02563,0.02787,-0.21903,0.63014,-0.25047,0.01176,0.12759,0.09948,0.10784,0.14952,-0.01712,-0.02276,-0.00366,-0.09707,-0.02979,-0.09770,-0.04011
0.04242,-0.10725,0.08048,0.00792,-0.04885,0.01619,-0.05041,-0.02798,-0.08359,-0.10438,0.00782,0.08961,0.15594,0.00272,-0.08397,-0.10630,0.16071,0.18282,-0.42437,0.20183,-0.15895,0.12923,0.10620,0.02357,0.03593,0.03797,0.01228,0.08906,0.10153,0.05473,-0.01206,-0.06851,0.01108,-0.48234,0.54066,-0.30686,0.09808,0.14192,0.03749,-0.11116,0.02662,0.10506,0.15583,-0.11789,-0.01176,0.12221,0.06384,0.14977
-0.04424,0.08634,-0.13482,0.14181,0.04115,-0.13429,0.00708,0.08043,-0.14990,0.05134,-0.10030,0.10634,-0.09801,-0.01569,0.00597,0.01869,-0.01575,0.05810,0.29048,-0.24198,0.12593,0.15956,-0.06834,0.05859,-0.05868,0.11676,-0.02592,0.08211,-0.05803,-0.11526,-0.05574,-0.02985,-0.05211,-0.08928,0.04915,-0.03993,0.06432,-0.02385,0.02094,-0.00349,-0.04138,0.12370,0.11253,-0.02630,0.07813,0.05614,-0.07209,-0.01888
-0.08122,0.03407,0.12483,-0.14487,0.10822,-0.13184,0.00850,0.11463,0.11455,-0.01348,0.08186,0.07482,0.03149,0.07330,-0.02053,-0.01256,0.13280,-0.32084,0.74859,-0.51530,0.20932,0.11089,0.06136,0.03455,-0.12936,0.07964,-0.04818,-0.11346,0.05351,0.09193,0.10331,-0.06535,-0.15049,0.11698,-0.50198,0.49402,-0.11775,-0.00774,-0.12381,-0.06314,-0.09401,0.08722,0.13279,-0.12536,-0.12960,0.02413,0.01919,0.00232
0.11451,0.03122,-0.04757,0.11364,-0.01742,-0.02423,-0.05002,-0.13246,-0.14894,0.07131,-0.08828,0.14958,0.06669,0.00161,0.06627,-0.11838,0.02015,-0.37951,0.28999,-0.20333,0.07446,-0.03160,0.02050,0.01216,-0.00109,-0.09913,0.11924,-0.12396,-0.14575,0.08226,0.01954,-0.00320,-0.10065,0.19041,-0.25732,0.52220,-0.46711,0.09865,0.05127,0.03248,-0.04712,-0.01854,-0.09945,-0.11203,-0.06305,0.10827,0.02363,-0.08785
0.03499,-0.05833,0.14516,-0.14126,0.00875,0.07023,-0.07509,-0.09500,-0.00365,0.14039,0.01053,-0.06855,-0.01899,0.07717,0.00054,0.07633,0.22783,0.07910,-0.45910,0.16089,0.07897,0.03246,0.05682,-0.13055,0.06575,0.01151,0.13186,0.11634,-0.01810,-0.07171,-0.02946,-0.01431,-0.12654,-0.13584,0.01928,-0.15939,-0.24248,0.01044,-0.07294,0.06839,-0.08543,0.04540,0.10130,-0.04890,0.13647,-0.04609,0.07122,-0.10855
-0.11255,0.08114,-0.02734,0.03851,0.05148,-0.04779,-0.11409,-0.10310,-0.11102,0.08723,-0.07974,0.09861,0.10941,-0.02474,-0.02321,-0.12411,0.01584,0.72996,-0.27572,0.12132,0.13095,0.03242,-0.01458,0.04125,-0.11032,0.08037,0.08307,-0.09111,0.10162,0.05099,0.11722,0.11329,0.02733,-0.04397,0.05118,-0.57296,0.41728,-0.00292,-0.01479,0.02373,0.14347,-0.14271,0.08755,0.06669,0.12043,-0.03763,-0.10506,0.13434
-0.09951,-0.00658,-0.07989,0.13758,0.00156,-0.08792,-0.00749,-0.05187,-0.12681,0.13156,-0.04343,0.13770,0.14749,-0.09209,0.10549,0.06469,-0.53494,0.38692,0.10610,0.03734,0.01451,-0.01493,0.14551,0.14176,-0.13564,-0.10508,-0.04136,0.00867,0.00777,0.00101,-0.04473,-0.10835,0.08805,0.01498,0.10968,-0.16658,0.68931,-0.24387,0.05808,-0.09991,-0.06476,0.10805,0.02389,0.13338,0.13814,0.05944,0.08127,0.07934
-0.06964,-0.06929,-0.05949,0.10826,-0.01795,0.10826,0.06541,0.12987,0.00485,-0.10374,0.06458,-0.02489,-0.04373,0.00177,-0.13104,0.02048,-0.18911,-0.30380,0.16948,-0.06878,-0.06130,-0.13133,-0.04221,-0.00654,-0.03777,-0.05754,-0.00716,0.05127,0.12940,-0.06020,-0.12964,0.06184,0.04631,-0.09307,-0.02720,0.17115,0.13954,-0.50908,0.00123,-0.14746,0.13504,-0.11918,0.04006,0.07695,0.04299,-0.02722,0.02534,0.04065
-0.03282,-0.06438,0.11315,-0.09803,-0.04542,-0.04973,-0.05590,0.01087,-0.04191,-0.10899,-0.12445,0.10823,0.06950,-0.01860,-0.02382,0.11772,0.50579,-0.39554,0.08735,-0.01890,0.12641,-0.09408,0.08084,0.05986,-0.05759,-0.10854,0.12490,-0.11356,-0.06282,0.02091,-0.00480,0.02765,0.06274,0.09331,0.02741,-0.00412,-0.46021,0.03964,0.01645,0.02087,0.04377,-0.06659,-0.01086,-0.01829,0.09878,0.11538,0.08809,0.13941
0.04122,0.12266,0.10080,-0.09950,-0.07439,-0.11935,0.14358,-0.01132,0.13158,-0.00545,-0.03667,-0.06332,0.10032,0.05129,0.02044,-0.21961,0.53814,-0.12413,0.08493,-0.14114,0.11232,-0.05394,0.06725,0.07724,-0.14247,0.07277,0.05531,0.01033,-0.05019,0.07121,-0.03398,0.08769,0.07554,0.09468,-0.04194,-0.05261,-0.44143,0.50643,-0.02504,0.05927,0.02438,-0.02005,0.10446,-0.07832,-0.01395,0.06768,-0.14728,0.13495
0.12912,0.05936,0.10571,0.14729,-0.14733,-0.14407,0.11041,-0.07908,0.05475,0.03565,0.10047,-0.00642,0.14734,-0.02315,0.05287,-0.41754,-0.05254,-0.01448,-0.11541,0.05961,-0.14989,0.04612,-0.08006,0.08575,-0.04020,-0.03907,-0.09796,-0.10357,0.14022,-0.12780,-0.12124,0.06637,0.00684,-0.02967,0.05328,-0.11751,0.08433,0.48592,-0.13074,-0.12999,-0.09196,-0.12796,-0.14429,0.09191,-0.09172,0.05855,-0.01910,-0.14399